FR|1,day|1,delay|0,experiment|door_train_contingent,output_path|/home/pi/miniscope_operant_dec_2022/output/,title|nan,vole|5113,vole_2|5050
round,event,time,phase initialized,phase submitted,latency,duration,modifiers,round timestamp initialized
0,trigger,0.002,setup_phase,setup_phase,,,ID:miniscope_trigger|,0
0,close_start_door_1,0.056,setup_phase,setup_phase,,,ID:door_1|,0
0,close_finished_door_1,0.244,setup_phase,setup_phase,,,ID:door_1|,0
0,close_start_door_2,0.245,setup_phase,setup_phase,,,ID:door_2|,0
0,close_finished_door_2,0.248,setup_phase,setup_phase,,,ID:door_2|,0
0,lever_retracted_food,0.631,setup_phase,setup_phase,,,ID:food|,0
0,lever_retracted_lever_2,0.659,setup_phase,setup_phase,,,ID:lever_2|,0
0,lever_retracted_lever_1,0.669,setup_phase,setup_phase,,,ID:lever_1|,0
1,new_round,0.775,setup_phase,setup_phase,,,ID:round_LED|,1
1,output_activated,0.778,lever_2_out,lever_2_out,,,ID:round_LED|,1
1,tone_start_round_start,0.791,lever_2_out,lever_2_out,,,ID:speaker|,1
1,output_deactivated,1.28,lever_2_out,lever_2_out,,,ID:round_LED|,1
1,tone_stop_round_start,1.795,lever_2_out,lever_2_out,,,ID:speaker|,1
1,lever_extended_lever_2,2.687,lever_2_out,lever_2_out,,,ID:lever_2|,1
1,lever_pressed_lever_2,5.618,lever_2_out,lever_2_out,,,ID:lever_2|total_presses:1|,1
1,lever_extended_lever_2_|_lever_pressed_lever_2,5.619,lever_2_out,lever_2_out,3.331,,n_presses:1|,1
1,presses_reached_lever_2,5.619,lever_2_out,lever_2_out,3.332,,n_presses:1|,1
1,lever_press,5.619,lever_2_out,lever_2_out,,,ID:event_LED|,1
1,output_activated,5.622,lever_2_out,lever_2_out,,,ID:event_LED|,1
1,tone_start_door_1_open,5.638,lever_2_out,lever_2_out,,,ID:speaker|,1
1,output_deactivated,5.974,lever_2_out,lever_2_out,,,ID:event_LED|,1
1,lever_retracted_lever_2,6.172,lever_2_out,lever_2_out,,,ID:lever_2|,1
1,open_start_door_1,6.633,reward_phase,reward_phase,,,ID:door_1|,1
1,tone_stop_door_1_open,6.644,reward_phase,reward_phase,,,ID:speaker|,1
1,open_finished_door_1,8.238,reward_phase,reward_phase,,,ID:door_1|,1
1,door_1_open_|_beam_broken_door1_ir,9.477,reward_phase,reward_phase,2.846,,beam_ID:door1_ir|,1
1,beam_broken_door1_ir,9.477,reward_phase,reward_phase,,,ID:door1_ir|,1
1,beam_unbroken_door1_ir,10.575,reward_phase,reward_phase,,,ID:door1_ir|,1
1,beam_broken_door1_ir,25.638,reward_phase,reward_phase,,,ID:door1_ir|,1
1,beam_unbroken_door1_ir,25.797,reward_phase,reward_phase,,,ID:door1_ir|,1
1,beam_broken_door1_ir,25.861,reward_phase,reward_phase,,,ID:door1_ir|,1
1,beam_unbroken_door1_ir,26.037,reward_phase,reward_phase,,,ID:door1_ir|,1
1,beam_broken_door1_ir,26.115,reward_phase,reward_phase,,,ID:door1_ir|,1
1,beam_unbroken_door1_ir,26.139,reward_phase,reward_phase,,,ID:door1_ir|,1
1,beam_broken_door1_ir,26.171,reward_phase,reward_phase,,,ID:door1_ir|,1
1,beam_unbroken_door1_ir,26.191,reward_phase,reward_phase,,,ID:door1_ir|,1
1,beam_broken_door1_ir,26.54,reward_phase,reward_phase,,,ID:door1_ir|,1
1,beam_unbroken_door1_ir,27.113,reward_phase,reward_phase,,,ID:door1_ir|,1
1,close_start_door_1,66.692,reward_phase,reward_phase,,,ID:door_1|,1
1,close_finished_door_1,68.65,reward_phase,reward_phase,,,ID:door_1|,1
1,output_activated,68.654,reward_phase,reward_phase,,,ID:round_LED|,1
1,output_deactivated,81.58,reward_phase,reward_phase,,,ID:round_LED|,1
2,new_round,126.591,lever_2_out,lever_2_out,,,ID:round_LED|,2
2,output_activated,126.593,lever_2_out,lever_2_out,,,ID:round_LED|,2
2,tone_start_round_start,126.636,lever_2_out,lever_2_out,,,ID:speaker|,2
2,output_deactivated,127.095,lever_2_out,lever_2_out,,,ID:round_LED|,2
2,tone_stop_round_start,127.642,lever_2_out,lever_2_out,,,ID:speaker|,2
2,lever_extended_lever_2,128.472,lever_2_out,lever_2_out,,,ID:lever_2|,2
2,lever_pressed_lever_2,128.921,lever_2_out,lever_2_out,,,ID:lever_2|total_presses:2|,2
2,lever_extended_lever_2_|_lever_pressed_lever_2,128.921,lever_2_out,lever_2_out,0.82,,n_presses:1|,2
2,presses_reached_lever_2,128.921,lever_2_out,lever_2_out,0.82,,n_presses:1|,2
2,lever_press,128.921,lever_2_out,lever_2_out,,,ID:event_LED|,2
2,output_activated,128.924,lever_2_out,lever_2_out,,,ID:event_LED|,2
2,tone_start_door_1_open,128.956,lever_2_out,lever_2_out,,,ID:speaker|,2
2,output_deactivated,129.276,lever_2_out,lever_2_out,,,ID:event_LED|,2
2,lever_retracted_lever_2,129.678,lever_2_out,lever_2_out,,,ID:lever_2|,2
2,open_start_door_1,129.932,reward_phase,reward_phase,,,ID:door_1|,2
2,tone_stop_door_1_open,129.962,reward_phase,reward_phase,,,ID:speaker|,2
2,open_finished_door_1,131.537,reward_phase,reward_phase,,,ID:door_1|,2
2,door_1_open_|_beam_broken_door1_ir,134.55,reward_phase,reward_phase,4.62,,beam_ID:door1_ir|,2
2,beam_broken_door1_ir,134.551,reward_phase,reward_phase,,,ID:door1_ir|,2
2,beam_unbroken_door1_ir,135.193,reward_phase,reward_phase,,,ID:door1_ir|,2
2,beam_broken_door1_ir,143.682,reward_phase,reward_phase,,,ID:door1_ir|,2
2,beam_unbroken_door1_ir,144.59,reward_phase,reward_phase,,,ID:door1_ir|,2
2,beam_broken_door1_ir,144.848,reward_phase,reward_phase,,,ID:door1_ir|,2
2,beam_unbroken_door1_ir,146.677,reward_phase,reward_phase,,,ID:door1_ir|,2
2,beam_broken_door1_ir,147.286,reward_phase,reward_phase,,,ID:door1_ir|,2
2,beam_unbroken_door1_ir,147.494,reward_phase,reward_phase,,,ID:door1_ir|,2
2,beam_broken_door1_ir,147.51,reward_phase,reward_phase,,,ID:door1_ir|,2
2,beam_unbroken_door1_ir,147.605,reward_phase,reward_phase,,,ID:door1_ir|,2
2,close_start_door_1,189.998,reward_phase,reward_phase,,,ID:door_1|,2
2,close_finished_door_1,191.856,reward_phase,reward_phase,,,ID:door_1|,2
2,output_activated,191.86,reward_phase,reward_phase,,,ID:round_LED|,2
2,output_deactivated,209.697,reward_phase,reward_phase,,,ID:round_LED|,2
3,new_round,254.707,lever_2_out,lever_2_out,,,ID:round_LED|,3
3,output_activated,254.709,lever_2_out,lever_2_out,,,ID:round_LED|,3
3,tone_start_round_start,254.733,lever_2_out,lever_2_out,,,ID:speaker|,3
3,output_deactivated,255.211,lever_2_out,lever_2_out,,,ID:round_LED|,3
3,tone_stop_round_start,255.738,lever_2_out,lever_2_out,,,ID:speaker|,3
3,lever_extended_lever_2,256.592,lever_2_out,lever_2_out,,,ID:lever_2|,3
3,lever_pressed_lever_2,257.039,lever_2_out,lever_2_out,,,ID:lever_2|total_presses:3|,3
3,lever_extended_lever_2_|_lever_pressed_lever_2,257.039,lever_2_out,lever_2_out,0.821,,n_presses:1|,3
3,presses_reached_lever_2,257.04,lever_2_out,lever_2_out,0.821,,n_presses:1|,3
3,lever_press,257.041,lever_2_out,lever_2_out,,,ID:event_LED|,3
3,output_activated,257.043,lever_2_out,lever_2_out,,,ID:event_LED|,3
3,tone_start_door_1_open,257.052,lever_2_out,lever_2_out,,,ID:speaker|,3
3,output_deactivated,257.395,lever_2_out,lever_2_out,,,ID:event_LED|,3
3,lever_retracted_lever_2,257.949,lever_2_out,lever_2_out,,,ID:lever_2|,3
3,open_start_door_1,258.05,reward_phase,reward_phase,,,ID:door_1|,3
3,tone_stop_door_1_open,258.057,reward_phase,reward_phase,,,ID:speaker|,3
3,open_finished_door_1,259.656,reward_phase,reward_phase,,,ID:door_1|,3
3,door_1_open_|_beam_broken_door1_ir,260.617,reward_phase,reward_phase,2.569,,beam_ID:door1_ir|,3
3,beam_broken_door1_ir,260.618,reward_phase,reward_phase,,,ID:door1_ir|,3
3,beam_unbroken_door1_ir,261.481,reward_phase,reward_phase,,,ID:door1_ir|,3
3,beam_broken_door1_ir,261.6,reward_phase,reward_phase,,,ID:door1_ir|,3
3,beam_unbroken_door1_ir,261.627,reward_phase,reward_phase,,,ID:door1_ir|,3
3,beam_broken_door1_ir,261.659,reward_phase,reward_phase,,,ID:door1_ir|,3
3,beam_unbroken_door1_ir,261.677,reward_phase,reward_phase,,,ID:door1_ir|,3
3,beam_broken_door1_ir,262.331,reward_phase,reward_phase,,,ID:door1_ir|,3
3,beam_unbroken_door1_ir,262.439,reward_phase,reward_phase,,,ID:door1_ir|,3
3,beam_broken_door1_ir,262.698,reward_phase,reward_phase,,,ID:door1_ir|,3
3,beam_unbroken_door1_ir,262.922,reward_phase,reward_phase,,,ID:door1_ir|,3
3,beam_broken_door1_ir,264.0,reward_phase,reward_phase,,,ID:door1_ir|,3
3,beam_unbroken_door1_ir,264.609,reward_phase,reward_phase,,,ID:door1_ir|,3
3,close_start_door_1,318.138,reward_phase,reward_phase,,,ID:door_1|,3
3,close_finished_door_1,319.894,reward_phase,reward_phase,,,ID:door_1|,3
3,output_activated,319.898,reward_phase,reward_phase,,,ID:round_LED|,3
3,output_deactivated,345.9,reward_phase,reward_phase,,,ID:round_LED|,3
4,new_round,390.912,lever_2_out,lever_2_out,,,ID:round_LED|,4
4,output_activated,390.913,lever_2_out,lever_2_out,,,ID:round_LED|,4
4,tone_start_round_start,390.922,lever_2_out,lever_2_out,,,ID:speaker|,4
4,output_deactivated,391.416,lever_2_out,lever_2_out,,,ID:round_LED|,4
4,tone_stop_round_start,391.927,lever_2_out,lever_2_out,,,ID:speaker|,4
4,lever_extended_lever_2,392.79,lever_2_out,lever_2_out,,,ID:lever_2|,4
4,lever_pressed_lever_2,393.076,lever_2_out,lever_2_out,,,ID:lever_2|total_presses:4|,4
4,lever_extended_lever_2_|_lever_pressed_lever_2,393.076,lever_2_out,lever_2_out,0.658,,n_presses:1|,4
4,presses_reached_lever_2,393.077,lever_2_out,lever_2_out,0.658,,n_presses:1|,4
4,lever_press,393.08,lever_2_out,lever_2_out,,,ID:event_LED|,4
4,output_activated,393.082,lever_2_out,lever_2_out,,,ID:event_LED|,4
4,tone_start_door_1_open,393.09,lever_2_out,lever_2_out,,,ID:speaker|,4
4,output_deactivated,393.433,lever_2_out,lever_2_out,,,ID:event_LED|,4
4,lever_retracted_lever_2,393.784,lever_2_out,lever_2_out,,,ID:lever_2|,4
4,open_start_door_1,394.091,reward_phase,reward_phase,,,ID:door_1|,4
4,tone_stop_door_1_open,394.095,reward_phase,reward_phase,,,ID:speaker|,4
4,open_finished_door_1,395.696,reward_phase,reward_phase,,,ID:door_1|,4
4,door_1_open_|_beam_broken_door1_ir,397.59,reward_phase,reward_phase,3.501,,beam_ID:door1_ir|,4
4,beam_broken_door1_ir,397.59,reward_phase,reward_phase,,,ID:door1_ir|,4
4,beam_unbroken_door1_ir,398.021,reward_phase,reward_phase,,,ID:door1_ir|,4
4,beam_broken_door1_ir,421.019,reward_phase,reward_phase,,,ID:door1_ir|,4
4,beam_unbroken_door1_ir,426.806,reward_phase,reward_phase,,,ID:door1_ir|,4
4,beam_broken_door1_ir,426.821,reward_phase,reward_phase,,,ID:door1_ir|,4
4,beam_unbroken_door1_ir,427.558,reward_phase,reward_phase,,,ID:door1_ir|,4
4,beam_broken_door1_ir,431.201,reward_phase,reward_phase,,,ID:door1_ir|,4
4,beam_unbroken_door1_ir,433.663,reward_phase,reward_phase,,,ID:door1_ir|,4
4,beam_broken_door1_ir,434.089,reward_phase,reward_phase,,,ID:door1_ir|,4
4,beam_unbroken_door1_ir,439.624,reward_phase,reward_phase,,,ID:door1_ir|,4
4,beam_broken_door1_ir,447.129,reward_phase,reward_phase,,,ID:door1_ir|,4
4,beam_unbroken_door1_ir,447.49,reward_phase,reward_phase,,,ID:door1_ir|,4
4,close_start_door_1,454.135,reward_phase,reward_phase,,,ID:door_1|,4
4,close_finished_door_1,455.992,reward_phase,reward_phase,,,ID:door_1|,4
4,output_activated,455.999,reward_phase,reward_phase,,,ID:round_LED|,4
4,output_deactivated,468.875,reward_phase,reward_phase,,,ID:round_LED|,4
5,new_round,513.885,lever_1_out,lever_1_out,,,ID:round_LED|,5
5,output_activated,513.887,lever_1_out,lever_1_out,,,ID:round_LED|,5
5,tone_start_round_start,513.898,lever_1_out,lever_1_out,,,ID:speaker|,5
5,output_deactivated,514.389,lever_1_out,lever_1_out,,,ID:round_LED|,5
5,tone_stop_round_start,514.903,lever_1_out,lever_1_out,,,ID:speaker|,5
5,lever_extended_lever_1,515.764,lever_1_out,lever_1_out,,,ID:lever_1|,5
5,lever_pressed_lever_1,519.792,lever_1_out,lever_1_out,,,ID:lever_1|total_presses:1|,5
5,lever_extended_lever_1_|_lever_pressed_lever_1,519.792,lever_1_out,lever_1_out,4.399,,n_presses:1|,5
5,presses_reached_lever_1,519.792,lever_1_out,lever_1_out,4.4,,n_presses:1|,5
5,lever_press,519.795,lever_1_out,lever_1_out,,,ID:event_LED|,5
5,output_activated,519.796,lever_1_out,lever_1_out,,,ID:event_LED|,5
5,tone_start_door_2_open,519.807,lever_1_out,lever_1_out,,,ID:speaker|,5
5,output_deactivated,520.148,lever_1_out,lever_1_out,,,ID:event_LED|,5
5,lever_retracted_lever_1,520.649,lever_1_out,lever_1_out,,,ID:lever_1|,5
5,open_start_door_2,520.805,reward_phase,reward_phase,,,ID:door_2|,5
5,tone_stop_door_2_open,520.814,reward_phase,reward_phase,,,ID:speaker|,5
5,open_finished_door_2,522.41,reward_phase,reward_phase,,,ID:door_2|,5
5,door_2_open_|_beam_broken_door2_ir,523.264,reward_phase,reward_phase,2.461,,beam_ID:door2_ir|,5
5,beam_broken_door2_ir,523.264,reward_phase,reward_phase,,,ID:door2_ir|,5
5,beam_unbroken_door2_ir,523.383,reward_phase,reward_phase,,,ID:door2_ir|,5
5,beam_broken_door2_ir,523.471,reward_phase,reward_phase,,,ID:door2_ir|,5
5,beam_unbroken_door2_ir,524.933,reward_phase,reward_phase,,,ID:door2_ir|,5
5,beam_broken_door2_ir,527.993,reward_phase,reward_phase,,,ID:door2_ir|,5
5,beam_unbroken_door2_ir,530.316,reward_phase,reward_phase,,,ID:door2_ir|,5
5,beam_broken_door2_ir,530.331,reward_phase,reward_phase,,,ID:door2_ir|,5
5,beam_unbroken_door2_ir,530.351,reward_phase,reward_phase,,,ID:door2_ir|,5
5,beam_broken_door2_ir,531.313,reward_phase,reward_phase,,,ID:door2_ir|,5
5,beam_unbroken_door2_ir,532.039,reward_phase,reward_phase,,,ID:door2_ir|,5
5,close_start_door_2,580.889,reward_phase,reward_phase,,,ID:door_2|,5
5,close_finished_door_2,582.495,reward_phase,reward_phase,,,ID:door_2|,5
5,output_activated,582.499,reward_phase,reward_phase,,,ID:round_LED|,5
5,output_deactivated,599.184,reward_phase,reward_phase,,,ID:round_LED|,5
6,new_round,644.193,lever_1_out,lever_1_out,,,ID:round_LED|,6
6,output_activated,644.195,lever_1_out,lever_1_out,,,ID:round_LED|,6
6,tone_start_round_start,644.198,lever_1_out,lever_1_out,,,ID:speaker|,6
6,output_deactivated,644.697,lever_1_out,lever_1_out,,,ID:round_LED|,6
6,tone_stop_round_start,645.203,lever_1_out,lever_1_out,,,ID:speaker|,6
6,lever_extended_lever_1,646.074,lever_1_out,lever_1_out,,,ID:lever_1|,6
6,lever_pressed_lever_1,650.691,lever_1_out,lever_1_out,,,ID:lever_1|total_presses:2|,6
6,lever_extended_lever_1_|_lever_pressed_lever_1,650.691,lever_1_out,lever_1_out,4.988,,n_presses:1|,6
6,presses_reached_lever_1,650.691,lever_1_out,lever_1_out,4.988,,n_presses:1|,6
6,lever_press,650.691,lever_1_out,lever_1_out,,,ID:event_LED|,6
6,output_activated,650.693,lever_1_out,lever_1_out,,,ID:event_LED|,6
6,tone_start_door_2_open,650.716,lever_1_out,lever_1_out,,,ID:speaker|,6
6,output_deactivated,651.044,lever_1_out,lever_1_out,,,ID:event_LED|,6
6,lever_retracted_lever_1,651.545,lever_1_out,lever_1_out,,,ID:lever_1|,6
6,open_start_door_2,651.703,reward_phase,reward_phase,,,ID:door_2|,6
6,tone_stop_door_2_open,651.72,reward_phase,reward_phase,,,ID:speaker|,6
6,open_finished_door_2,653.309,reward_phase,reward_phase,,,ID:door_2|,6
6,door_2_open_|_beam_broken_door2_ir,654.154,reward_phase,reward_phase,2.453,,beam_ID:door2_ir|,6
6,beam_broken_door2_ir,654.154,reward_phase,reward_phase,,,ID:door2_ir|,6
6,beam_unbroken_door2_ir,654.603,reward_phase,reward_phase,,,ID:door2_ir|,6
6,beam_broken_door2_ir,655.819,reward_phase,reward_phase,,,ID:door2_ir|,6
6,beam_unbroken_door2_ir,655.914,reward_phase,reward_phase,,,ID:door2_ir|,6
6,beam_broken_door2_ir,656.12,reward_phase,reward_phase,,,ID:door2_ir|,6
6,beam_unbroken_door2_ir,659.568,reward_phase,reward_phase,,,ID:door2_ir|,6
6,beam_broken_door2_ir,659.62,reward_phase,reward_phase,,,ID:door2_ir|,6
6,beam_unbroken_door2_ir,659.821,reward_phase,reward_phase,,,ID:door2_ir|,6
6,beam_broken_door2_ir,661.734,reward_phase,reward_phase,,,ID:door2_ir|,6
6,beam_unbroken_door2_ir,661.751,reward_phase,reward_phase,,,ID:door2_ir|,6
6,close_start_door_2,711.771,reward_phase,reward_phase,,,ID:door_2|,6
6,close_finished_door_2,713.328,reward_phase,reward_phase,,,ID:door_2|,6
6,output_activated,713.33,reward_phase,reward_phase,,,ID:round_LED|,6
6,output_deactivated,724.204,reward_phase,reward_phase,,,ID:round_LED|,6
7,new_round,769.212,lever_1_out,lever_1_out,,,ID:round_LED|,7
7,output_activated,769.214,lever_1_out,lever_1_out,,,ID:round_LED|,7
7,tone_start_round_start,769.24,lever_1_out,lever_1_out,,,ID:speaker|,7
7,output_deactivated,769.716,lever_1_out,lever_1_out,,,ID:round_LED|,7
7,tone_stop_round_start,770.245,lever_1_out,lever_1_out,,,ID:speaker|,7
7,lever_extended_lever_1,771.091,lever_1_out,lever_1_out,,,ID:lever_1|,7
7,lever_pressed_lever_1,783.725,lever_1_out,lever_1_out,,,ID:lever_1|total_presses:3|,7
7,lever_extended_lever_1_|_lever_pressed_lever_1,783.725,lever_1_out,lever_1_out,13.004,,n_presses:1|,7
7,presses_reached_lever_1,783.725,lever_1_out,lever_1_out,13.004,,n_presses:1|,7
7,lever_press,783.726,lever_1_out,lever_1_out,,,ID:event_LED|,7
7,output_activated,783.729,lever_1_out,lever_1_out,,,ID:event_LED|,7
7,tone_start_door_2_open,783.745,lever_1_out,lever_1_out,,,ID:speaker|,7
7,output_deactivated,784.081,lever_1_out,lever_1_out,,,ID:event_LED|,7
7,lever_retracted_lever_1,784.632,lever_1_out,lever_1_out,,,ID:lever_1|,7
7,open_start_door_2,784.737,reward_phase,reward_phase,,,ID:door_2|,7
7,tone_stop_door_2_open,784.75,reward_phase,reward_phase,,,ID:speaker|,7
7,open_finished_door_2,786.343,reward_phase,reward_phase,,,ID:door_2|,7
7,door_2_open_|_beam_broken_door2_ir,786.661,reward_phase,reward_phase,1.926,,beam_ID:door2_ir|,7
7,beam_broken_door2_ir,786.661,reward_phase,reward_phase,,,ID:door2_ir|,7
7,beam_unbroken_door2_ir,787.013,reward_phase,reward_phase,,,ID:door2_ir|,7
7,beam_broken_door2_ir,789.103,reward_phase,reward_phase,,,ID:door2_ir|,7
7,beam_unbroken_door2_ir,789.113,reward_phase,reward_phase,,,ID:door2_ir|,7
7,beam_broken_door2_ir,789.24,reward_phase,reward_phase,,,ID:door2_ir|,7
7,beam_unbroken_door2_ir,789.64,reward_phase,reward_phase,,,ID:door2_ir|,7
7,beam_broken_door2_ir,793.445,reward_phase,reward_phase,,,ID:door2_ir|,7
7,beam_unbroken_door2_ir,793.482,reward_phase,reward_phase,,,ID:door2_ir|,7
7,beam_broken_door2_ir,794.047,reward_phase,reward_phase,,,ID:door2_ir|,7
7,beam_unbroken_door2_ir,794.327,reward_phase,reward_phase,,,ID:door2_ir|,7
7,close_start_door_2,844.739,reward_phase,reward_phase,,,ID:door_2|,7
7,close_finished_door_2,846.346,reward_phase,reward_phase,,,ID:door_2|,7
7,output_activated,846.349,reward_phase,reward_phase,,,ID:round_LED|,7
7,output_deactivated,856.822,reward_phase,reward_phase,,,ID:round_LED|,7
8,new_round,901.832,lever_1_out,lever_1_out,,,ID:round_LED|,8
8,output_activated,901.834,lever_1_out,lever_1_out,,,ID:round_LED|,8
8,tone_start_round_start,901.871,lever_1_out,lever_1_out,,,ID:speaker|,8
8,output_deactivated,902.336,lever_1_out,lever_1_out,,,ID:round_LED|,8
8,tone_stop_round_start,902.876,lever_1_out,lever_1_out,,,ID:speaker|,8
8,lever_extended_lever_1,903.712,lever_1_out,lever_1_out,,,ID:lever_1|,8
8,lever_pressed_lever_1,905.61,lever_1_out,lever_1_out,,,ID:lever_1|total_presses:4|,8
8,lever_extended_lever_1_|_lever_pressed_lever_1,905.61,lever_1_out,lever_1_out,2.269,,n_presses:1|,8
8,presses_reached_lever_1,905.611,lever_1_out,lever_1_out,2.27,,n_presses:1|,8
8,lever_press,905.613,lever_1_out,lever_1_out,,,ID:event_LED|,8
8,output_activated,905.616,lever_1_out,lever_1_out,,,ID:event_LED|,8
8,tone_start_door_2_open,905.657,lever_1_out,lever_1_out,,,ID:speaker|,8
8,output_deactivated,906.016,lever_1_out,lever_1_out,,,ID:event_LED|,8
8,lever_retracted_lever_1,906.462,lever_1_out,lever_1_out,,,ID:lever_1|,8
8,open_start_door_2,906.631,reward_phase,reward_phase,,,ID:door_2|,8
8,tone_stop_door_2_open,906.667,reward_phase,reward_phase,,,ID:speaker|,8
8,door_2_open_|_beam_broken_door2_ir,908.217,reward_phase,reward_phase,1.588,,beam_ID:door2_ir|,8
8,beam_broken_door2_ir,908.217,reward_phase,reward_phase,,,ID:door2_ir|,8
8,open_finished_door_2,908.246,reward_phase,reward_phase,,,ID:door_2|,8
8,beam_unbroken_door2_ir,908.564,reward_phase,reward_phase,,,ID:door2_ir|,8
8,close_start_door_2,966.67,reward_phase,reward_phase,,,ID:door_2|,8
8,close_finished_door_2,968.225,reward_phase,reward_phase,,,ID:door_2|,8
8,output_activated,968.232,reward_phase,reward_phase,,,ID:round_LED|,8
8,output_deactivated,977.45,reward_phase,reward_phase,,,ID:round_LED|,8
9,new_round,1022.459,lever_2_out,lever_2_out,,,ID:round_LED|,9
9,output_activated,1022.461,lever_2_out,lever_2_out,,,ID:round_LED|,9
9,tone_start_round_start,1022.467,lever_2_out,lever_2_out,,,ID:speaker|,9
9,output_deactivated,1022.963,lever_2_out,lever_2_out,,,ID:round_LED|,9
9,tone_stop_round_start,1023.472,lever_2_out,lever_2_out,,,ID:speaker|,9
9,lever_extended_lever_2,1024.366,lever_2_out,lever_2_out,,,ID:lever_2|,9
9,lever_pressed_lever_2,1054.384,lever_2_out,lever_2_out,,,ID:lever_2|total_presses:5|,9
9,lever_extended_lever_2_|_lever_pressed_lever_2,1054.384,lever_2_out,lever_2_out,30.416,,n_presses:1|,9
9,presses_reached_lever_2,1054.384,lever_2_out,lever_2_out,30.416,,n_presses:1|,9
9,lever_press,1054.386,lever_2_out,lever_2_out,,,ID:event_LED|,9
9,output_activated,1054.388,lever_2_out,lever_2_out,,,ID:event_LED|,9
9,tone_start_door_1_open,1054.42,lever_2_out,lever_2_out,,,ID:speaker|,9
9,output_deactivated,1054.74,lever_2_out,lever_2_out,,,ID:event_LED|,9
9,open_start_door_1,1055.412,reward_phase,reward_phase,,,ID:door_1|,9
9,tone_stop_door_1_open,1055.426,reward_phase,reward_phase,,,ID:speaker|,9
9,lever_retracted_lever_2,1055.708,lever_2_out,reward_phase,,,ID:lever_2|,9
9,open_finished_door_1,1057.019,reward_phase,reward_phase,,,ID:door_1|,9
9,door_1_open_|_beam_broken_door1_ir,1060.99,reward_phase,reward_phase,5.592,,beam_ID:door1_ir|,9
9,beam_broken_door1_ir,1060.99,reward_phase,reward_phase,,,ID:door1_ir|,9
9,beam_unbroken_door1_ir,1061.445,reward_phase,reward_phase,,,ID:door1_ir|,9
9,close_start_door_1,1115.451,reward_phase,reward_phase,,,ID:door_1|,9
9,close_finished_door_1,1117.308,reward_phase,reward_phase,,,ID:door_1|,9
9,output_activated,1117.32,reward_phase,reward_phase,,,ID:round_LED|,9
9,output_deactivated,1127.641,reward_phase,reward_phase,,,ID:round_LED|,9
10,new_round,1172.654,lever_2_out,lever_2_out,,,ID:round_LED|,10
10,output_activated,1172.655,lever_2_out,lever_2_out,,,ID:round_LED|,10
10,tone_start_round_start,1172.662,lever_2_out,lever_2_out,,,ID:speaker|,10
10,output_deactivated,1173.157,lever_2_out,lever_2_out,,,ID:round_LED|,10
10,tone_stop_round_start,1173.667,lever_2_out,lever_2_out,,,ID:speaker|,10
10,lever_extended_lever_2,1174.532,lever_2_out,lever_2_out,,,ID:lever_2|,10
10,lever_pressed_lever_2,1174.967,lever_2_out,lever_2_out,,,ID:lever_2|total_presses:6|,10
10,lever_extended_lever_2_|_lever_pressed_lever_2,1174.967,lever_2_out,lever_2_out,0.805,,n_presses:1|,10
10,presses_reached_lever_2,1174.967,lever_2_out,lever_2_out,0.805,,n_presses:1|,10
10,lever_press,1174.967,lever_2_out,lever_2_out,,,ID:event_LED|,10
10,output_activated,1174.97,lever_2_out,lever_2_out,,,ID:event_LED|,10
10,tone_start_door_1_open,1174.982,lever_2_out,lever_2_out,,,ID:speaker|,10
10,output_deactivated,1175.321,lever_2_out,lever_2_out,,,ID:event_LED|,10
10,lever_retracted_lever_2,1175.473,lever_2_out,lever_2_out,,,ID:lever_2|,10
10,open_start_door_1,1175.982,reward_phase,reward_phase,,,ID:door_1|,10
10,tone_stop_door_1_open,1175.988,reward_phase,reward_phase,,,ID:speaker|,10
10,open_finished_door_1,1177.587,reward_phase,reward_phase,,,ID:door_1|,10
10,door_1_open_|_beam_broken_door1_ir,1177.744,reward_phase,reward_phase,1.764,,beam_ID:door1_ir|,10
10,beam_broken_door1_ir,1177.745,reward_phase,reward_phase,,,ID:door1_ir|,10
10,beam_unbroken_door1_ir,1178.235,reward_phase,reward_phase,,,ID:door1_ir|,10
10,close_start_door_1,1236.019,reward_phase,reward_phase,,,ID:door_1|,10
10,close_finished_door_1,1238.026,reward_phase,reward_phase,,,ID:door_1|,10
10,output_activated,1238.03,reward_phase,reward_phase,,,ID:round_LED|,10
10,output_deactivated,1253.262,reward_phase,reward_phase,,,ID:round_LED|,10
11,new_round,1298.271,lever_2_out,lever_2_out,,,ID:round_LED|,11
11,output_activated,1298.273,lever_2_out,lever_2_out,,,ID:round_LED|,11
11,tone_start_round_start,1298.312,lever_2_out,lever_2_out,,,ID:speaker|,11
11,output_deactivated,1298.775,lever_2_out,lever_2_out,,,ID:round_LED|,11
11,tone_stop_round_start,1299.317,lever_2_out,lever_2_out,,,ID:speaker|,11
11,lever_extended_lever_2,1300.177,lever_2_out,lever_2_out,,,ID:lever_2|,11
11,lever_pressed_lever_2,1303.847,lever_2_out,lever_2_out,,,ID:lever_2|total_presses:7|,11
11,lever_extended_lever_2_|_lever_pressed_lever_2,1303.848,lever_2_out,lever_2_out,4.068,,n_presses:1|,11
11,presses_reached_lever_2,1303.848,lever_2_out,lever_2_out,4.069,,n_presses:1|,11
11,lever_press,1303.849,lever_2_out,lever_2_out,,,ID:event_LED|,11
11,output_activated,1303.852,lever_2_out,lever_2_out,,,ID:event_LED|,11
11,tone_start_door_1_open,1303.869,lever_2_out,lever_2_out,,,ID:speaker|,11
11,output_deactivated,1304.204,lever_2_out,lever_2_out,,,ID:event_LED|,11
11,lever_retracted_lever_2,1304.701,lever_2_out,lever_2_out,,,ID:lever_2|,11
11,open_start_door_1,1304.859,reward_phase,reward_phase,,,ID:door_1|,11
11,tone_stop_door_1_open,1304.874,reward_phase,reward_phase,,,ID:speaker|,11
11,open_finished_door_1,1306.464,reward_phase,reward_phase,,,ID:door_1|,11
11,door_1_open_|_beam_broken_door1_ir,1306.586,reward_phase,reward_phase,1.728,,beam_ID:door1_ir|,11
11,beam_broken_door1_ir,1306.587,reward_phase,reward_phase,,,ID:door1_ir|,11
11,beam_unbroken_door1_ir,1306.92,reward_phase,reward_phase,,,ID:door1_ir|,11
11,close_start_door_1,1364.893,reward_phase,reward_phase,,,ID:door_1|,11
11,close_finished_door_1,1366.799,reward_phase,reward_phase,,,ID:door_1|,11
11,output_activated,1366.805,reward_phase,reward_phase,,,ID:round_LED|,11
11,output_deactivated,1378.179,reward_phase,reward_phase,,,ID:round_LED|,11
12,new_round,1423.192,lever_2_out,lever_2_out,,,ID:round_LED|,12
12,output_activated,1423.193,lever_2_out,lever_2_out,,,ID:round_LED|,12
12,tone_start_round_start,1423.209,lever_2_out,lever_2_out,,,ID:speaker|,12
12,output_deactivated,1423.695,lever_2_out,lever_2_out,,,ID:round_LED|,12
12,tone_stop_round_start,1424.214,lever_2_out,lever_2_out,,,ID:speaker|,12
12,lever_extended_lever_2,1425.07,lever_2_out,lever_2_out,,,ID:lever_2|,12
12,lever_pressed_lever_2,1425.986,lever_2_out,lever_2_out,,,ID:lever_2|total_presses:8|,12
12,lever_extended_lever_2_|_lever_pressed_lever_2,1425.986,lever_2_out,lever_2_out,1.287,,n_presses:1|,12
12,presses_reached_lever_2,1425.986,lever_2_out,lever_2_out,1.287,,n_presses:1|,12
12,lever_press,1425.987,lever_2_out,lever_2_out,,,ID:event_LED|,12
12,output_activated,1425.989,lever_2_out,lever_2_out,,,ID:event_LED|,12
12,tone_start_door_1_open,1426.035,lever_2_out,lever_2_out,,,ID:speaker|,12
12,output_deactivated,1426.341,lever_2_out,lever_2_out,,,ID:event_LED|,12
12,lever_retracted_lever_2,1426.943,lever_2_out,lever_2_out,,,ID:lever_2|,12
12,open_start_door_1,1426.999,reward_phase,reward_phase,,,ID:door_1|,12
12,tone_stop_door_1_open,1427.041,reward_phase,reward_phase,,,ID:speaker|,12
12,open_finished_door_1,1428.604,reward_phase,reward_phase,,,ID:door_1|,12
12,door_1_open_|_beam_broken_door1_ir,1441.699,reward_phase,reward_phase,14.704,,beam_ID:door1_ir|,12
12,beam_broken_door1_ir,1441.699,reward_phase,reward_phase,,,ID:door1_ir|,12
12,beam_unbroken_door1_ir,1442.535,reward_phase,reward_phase,,,ID:door1_ir|,12
12,beam_broken_door1_ir,1443.442,reward_phase,reward_phase,,,ID:door1_ir|,12
12,beam_unbroken_door1_ir,1444.139,reward_phase,reward_phase,,,ID:door1_ir|,12
12,close_start_door_1,1487.026,reward_phase,reward_phase,,,ID:door_1|,12
12,close_finished_door_1,1489.033,reward_phase,reward_phase,,,ID:door_1|,12
12,output_activated,1489.037,reward_phase,reward_phase,,,ID:round_LED|,12
12,output_deactivated,1500.461,reward_phase,reward_phase,,,ID:round_LED|,12
13,new_round,1545.472,lever_1_out,lever_1_out,,,ID:round_LED|,13
13,output_activated,1545.474,lever_1_out,lever_1_out,,,ID:round_LED|,13
13,tone_start_round_start,1545.481,lever_1_out,lever_1_out,,,ID:speaker|,13
13,output_deactivated,1545.976,lever_1_out,lever_1_out,,,ID:round_LED|,13
13,tone_stop_round_start,1546.485,lever_1_out,lever_1_out,,,ID:speaker|,13
13,lever_extended_lever_1,1547.353,lever_1_out,lever_1_out,,,ID:lever_1|,13
13,lever_pressed_lever_1,1548.015,lever_1_out,lever_1_out,,,ID:lever_1|total_presses:5|,13
13,lever_extended_lever_1_|_lever_pressed_lever_1,1548.016,lever_1_out,lever_1_out,1.034,,n_presses:1|,13
13,presses_reached_lever_1,1548.016,lever_1_out,lever_1_out,1.034,,n_presses:1|,13
13,lever_press,1548.018,lever_1_out,lever_1_out,,,ID:event_LED|,13
13,output_activated,1548.02,lever_1_out,lever_1_out,,,ID:event_LED|,13
13,tone_start_door_2_open,1548.052,lever_1_out,lever_1_out,,,ID:speaker|,13
13,output_deactivated,1548.372,lever_1_out,lever_1_out,,,ID:event_LED|,13
13,lever_retracted_lever_1,1548.873,lever_1_out,lever_1_out,,,ID:lever_1|,13
13,open_start_door_2,1549.028,reward_phase,reward_phase,,,ID:door_2|,13
13,tone_stop_door_2_open,1549.058,reward_phase,reward_phase,,,ID:speaker|,13
13,door_2_open_|_beam_broken_door2_ir,1550.621,reward_phase,reward_phase,1.595,,beam_ID:door2_ir|,13
13,beam_broken_door2_ir,1550.621,reward_phase,reward_phase,,,ID:door2_ir|,13
13,open_finished_door_2,1550.643,reward_phase,reward_phase,,,ID:door_2|,13
13,beam_unbroken_door2_ir,1550.736,reward_phase,reward_phase,,,ID:door2_ir|,13
13,beam_broken_door2_ir,1550.767,reward_phase,reward_phase,,,ID:door2_ir|,13
13,beam_unbroken_door2_ir,1551.125,reward_phase,reward_phase,,,ID:door2_ir|,13
13,beam_broken_door2_ir,1602.169,reward_phase,reward_phase,,,ID:door2_ir|,13
13,beam_unbroken_door2_ir,1602.195,reward_phase,reward_phase,,,ID:door2_ir|,13
13,beam_broken_door2_ir,1602.216,reward_phase,reward_phase,,,ID:door2_ir|,13
13,beam_unbroken_door2_ir,1602.285,reward_phase,reward_phase,,,ID:door2_ir|,13
13,beam_broken_door2_ir,1602.321,reward_phase,reward_phase,,,ID:door2_ir|,13
13,close_start_door_2,1609.097,reward_phase,reward_phase,,,ID:door_2|,13
13,close_finished_door_2,1610.731,reward_phase,reward_phase,,,ID:door_2|,13
13,output_activated,1610.762,reward_phase,reward_phase,,,ID:round_LED|,13
13,beam_unbroken_door2_ir,1611.021,reward_phase,reward_phase,,,ID:door2_ir|,13
13,output_deactivated,1622.312,reward_phase,reward_phase,,,ID:round_LED|,13
14,new_round,1667.323,lever_1_out,lever_1_out,,,ID:round_LED|,14
14,output_activated,1667.325,lever_1_out,lever_1_out,,,ID:round_LED|,14
14,tone_start_round_start,1667.328,lever_1_out,lever_1_out,,,ID:speaker|,14
14,output_deactivated,1667.827,lever_1_out,lever_1_out,,,ID:round_LED|,14
14,tone_stop_round_start,1668.333,lever_1_out,lever_1_out,,,ID:speaker|,14
14,lever_extended_lever_1,1669.229,lever_1_out,lever_1_out,,,ID:lever_1|,14
14,lever_pressed_lever_1,1670.53,lever_1_out,lever_1_out,,,ID:lever_1|total_presses:6|,14
14,lever_extended_lever_1_|_lever_pressed_lever_1,1670.53,lever_1_out,lever_1_out,1.699,,n_presses:1|,14
14,presses_reached_lever_1,1670.531,lever_1_out,lever_1_out,1.699,,n_presses:1|,14
14,lever_press,1670.531,lever_1_out,lever_1_out,,,ID:event_LED|,14
14,output_activated,1670.533,lever_1_out,lever_1_out,,,ID:event_LED|,14
14,tone_start_door_2_open,1670.559,lever_1_out,lever_1_out,,,ID:speaker|,14
14,output_deactivated,1670.885,lever_1_out,lever_1_out,,,ID:event_LED|,14
14,lever_retracted_lever_1,1671.087,lever_1_out,lever_1_out,,,ID:lever_1|,14
14,open_start_door_2,1671.543,reward_phase,reward_phase,,,ID:door_2|,14
14,tone_stop_door_2_open,1671.564,reward_phase,reward_phase,,,ID:speaker|,14
14,open_finished_door_2,1673.149,reward_phase,reward_phase,,,ID:door_2|,14
14,door_2_open_|_beam_broken_door2_ir,1675.032,reward_phase,reward_phase,3.491,,beam_ID:door2_ir|,14
14,beam_broken_door2_ir,1675.032,reward_phase,reward_phase,,,ID:door2_ir|,14
14,beam_unbroken_door2_ir,1675.443,reward_phase,reward_phase,,,ID:door2_ir|,14
14,close_start_door_2,1731.602,reward_phase,reward_phase,,,ID:door_2|,14
14,close_finished_door_2,1733.158,reward_phase,reward_phase,,,ID:door_2|,14
14,output_activated,1733.164,reward_phase,reward_phase,,,ID:round_LED|,14
14,output_deactivated,1745.289,reward_phase,reward_phase,,,ID:round_LED|,14
15,new_round,1790.299,lever_1_out,lever_1_out,,,ID:round_LED|,15
15,output_activated,1790.301,lever_1_out,lever_1_out,,,ID:round_LED|,15
15,tone_start_round_start,1790.31,lever_1_out,lever_1_out,,,ID:speaker|,15
15,output_deactivated,1790.803,lever_1_out,lever_1_out,,,ID:round_LED|,15
15,tone_stop_round_start,1791.315,lever_1_out,lever_1_out,,,ID:speaker|,15
15,lever_extended_lever_1,1792.177,lever_1_out,lever_1_out,,,ID:lever_1|,15
15,lever_pressed_lever_1,1792.945,lever_1_out,lever_1_out,,,ID:lever_1|total_presses:7|,15
15,lever_extended_lever_1_|_lever_pressed_lever_1,1792.945,lever_1_out,lever_1_out,1.139,,n_presses:1|,15
15,presses_reached_lever_1,1792.945,lever_1_out,lever_1_out,1.139,,n_presses:1|,15
15,lever_press,1792.946,lever_1_out,lever_1_out,,,ID:event_LED|,15
15,output_activated,1792.949,lever_1_out,lever_1_out,,,ID:event_LED|,15
15,tone_start_door_2_open,1792.983,lever_1_out,lever_1_out,,,ID:speaker|,15
15,output_deactivated,1793.307,lever_1_out,lever_1_out,,,ID:event_LED|,15
15,lever_retracted_lever_1,1793.76,lever_1_out,lever_1_out,,,ID:lever_1|,15
15,open_start_door_2,1793.963,reward_phase,reward_phase,,,ID:door_2|,15
15,tone_stop_door_2_open,1793.989,reward_phase,reward_phase,,,ID:speaker|,15
15,door_2_open_|_beam_broken_door2_ir,1795.183,reward_phase,reward_phase,1.222,,beam_ID:door2_ir|,15
15,beam_broken_door2_ir,1795.184,reward_phase,reward_phase,,,ID:door2_ir|,15
15,beam_unbroken_door2_ir,1795.497,reward_phase,reward_phase,,,ID:door2_ir|,15
15,open_finished_door_2,1795.598,reward_phase,reward_phase,,,ID:door_2|,15
15,close_start_door_2,1853.995,reward_phase,reward_phase,,,ID:door_2|,15
15,close_finished_door_2,1855.601,reward_phase,reward_phase,,,ID:door_2|,15
15,output_activated,1855.604,reward_phase,reward_phase,,,ID:round_LED|,15
15,output_deactivated,1868.832,reward_phase,reward_phase,,,ID:round_LED|,15
16,new_round,1913.841,lever_1_out,lever_1_out,,,ID:round_LED|,16
16,output_activated,1913.842,lever_1_out,lever_1_out,,,ID:round_LED|,16
16,tone_start_round_start,1913.888,lever_1_out,lever_1_out,,,ID:speaker|,16
16,output_deactivated,1914.344,lever_1_out,lever_1_out,,,ID:round_LED|,16
16,tone_stop_round_start,1914.894,lever_1_out,lever_1_out,,,ID:speaker|,16
16,lever_extended_lever_1,1915.721,lever_1_out,lever_1_out,,,ID:lever_1|,16
16,lever_pressed_lever_1,1934.14,lever_1_out,lever_1_out,,,ID:lever_1|total_presses:8|,16
16,lever_extended_lever_1_|_lever_pressed_lever_1,1934.14,lever_1_out,lever_1_out,18.791,,n_presses:1|,16
16,presses_reached_lever_1,1934.14,lever_1_out,lever_1_out,18.791,,n_presses:1|,16
16,lever_press,1934.141,lever_1_out,lever_1_out,,,ID:event_LED|,16
16,output_activated,1934.143,lever_1_out,lever_1_out,,,ID:event_LED|,16
16,tone_start_door_2_open,1934.162,lever_1_out,lever_1_out,,,ID:speaker|,16
16,output_deactivated,1934.495,lever_1_out,lever_1_out,,,ID:event_LED|,16
16,lever_retracted_lever_1,1934.696,lever_1_out,lever_1_out,,,ID:lever_1|,16
16,open_start_door_2,1935.152,reward_phase,reward_phase,,,ID:door_2|,16
16,tone_stop_door_2_open,1935.169,reward_phase,reward_phase,,,ID:speaker|,16
16,door_2_open_|_beam_broken_door2_ir,1936.31,reward_phase,reward_phase,1.159,,beam_ID:door2_ir|,16
16,beam_broken_door2_ir,1936.31,reward_phase,reward_phase,,,ID:door2_ir|,16
16,open_finished_door_2,1936.803,reward_phase,reward_phase,,,ID:door_2|,16
16,beam_unbroken_door2_ir,1936.822,reward_phase,reward_phase,,,ID:door2_ir|,16
16,close_start_door_2,1995.181,reward_phase,reward_phase,,,ID:door_2|,16
16,close_finished_door_2,1996.987,reward_phase,reward_phase,,,ID:door_2|,16
16,output_activated,1996.991,reward_phase,reward_phase,,,ID:round_LED|,16
16,output_deactivated,2007.561,reward_phase,reward_phase,,,ID:round_LED|,16
16,output_deactivated,2052.568,ITI,ITI,,,ID:miniscope_trigger|,16
